{
    "overview": {
        "total_users": 5692,
        "avg_content_count": 1.1463457484188335,
        "avg_interaction_efficiency": 0.30036651018283866,
        "anomaly_user_ratio": 0.17111735769501055
    },
    "cluster_insights": {
        