{
  "overview": {
    "total_users": 5690,
    "avg_content_count": 1.1462214411247804,
    "avg_interaction_efficiency": 0.30298864245163837,
    "anomaly_user_ratio": 0.17223198594024605
  },
  "cluster_insights": {
    